roll_no,subject,test1,test2,test3
22CSE001,Engineering Mathematics,57,57,59
22CSE001,Data Structures,56,48,28
22CSE001,Digital Electronics,54,56,60
22CSE001,Computer Networks,72,81,81
22CSE002,Engineering Mathematics,83,82,82
22CSE002,Data Structures,61,64,70
22CSE002,Digital Electronics,60,63,63
22CSE002,Computer Networks,61,62,68
22CSE003,Engineering Mathematics,70,73,49
22CSE003,Data Structures,66,74,74
22CSE003,Digital Electronics,77,82,82
22CSE003,Computer Networks,64,58,61
22CSE004,Engineering Mathematics,83,82,89
22CSE004,Data Structures,78,76,81
22CSE004,Digital Electronics,78,85,87
22CSE004,Computer Networks,75,82,82
22CSE005,Engineering Mathematics,69,76,76
22CSE005,Data Structures,63,67,67
22CSE005,Digital Electronics,69,67,71
22CSE005,Computer Networks,76,75,84
22CSE006,Engineering Mathematics,91,89,89
22CSE006,Data Structures,68,69,69
22CSE006,Digital Electronics,75,73,74
22CSE006,Computer Networks,71,66,57
22CSE007,Engineering Mathematics,34,30,36
22CSE007,Data Structures,88,85,90
22CSE007,Digital Electronics,74,73,76
22CSE007,Computer Networks,70,81,81
22CSE008,Engineering Mathematics,74,81,81
22CSE008,Data Structures,68,74,74
22CSE008,Digital Electronics,85,90,90
22CSE008,Computer Networks,66,61,69
22CSE009,Engineering Mathematics,61,65,65
22CSE009,Data Structures,85,78,89
22CSE009,Digital Electronics,54,59,60
22CSE009,Computer Networks,69,62,64
22CSE010,Engineering Mathematics,80,88,88
22CSE010,Data Structures,76,71,75
22CSE010,Digital Electronics,78,76,83
22CSE010,Computer Networks,78,80,84
22CSE011,Engineering Mathematics,72,65,58
22CSE011,Data Structures,63,62,68
22CSE011,Digital Electronics,73,80,80
22CSE011,Computer Networks,85,76,81
22CSE012,Engineering Mathematics,59,56,65
22CSE012,Data Structures,81,78,85
22CSE012,Digital Electronics,90,91,91
22CSE012,Computer Networks,74,72,72
22CSE013,Engineering Mathematics,71,73,75
22CSE013,Data Structures,76,87,89
22CSE013,Digital Electronics,34,30,38
22CSE013,Computer Networks,79,82,84
22CSE014,Engineering Mathematics,69,74,74
22CSE014,Data Structures,61,68,71
22CSE014,Digital Electronics,81,74,77
22CSE014,Computer Networks,83,83,89
22CSE015,Engineering Mathematics,65,60,64
22CSE015,Data Structures,69,73,73
22CSE015,Digital Electronics,84,87,87
22CSE015,Computer Networks,36,31,35
22ECE001,Engineering Mathematics,70,76,76
22ECE001,Data Structures,76,77,77
22ECE001,Digital Electronics,78,68,52
22ECE001,Computer Networks,73,83,83
22ECE002,Engineering Mathematics,90,85,93
22ECE002,Data Structures,73,79,85
22ECE002,Digital Electronics,74,74,75
22ECE002,Computer Networks,66,68,72
22ECE003,Engineering Mathematics,77,81,81
22ECE003,Data Structures,55,63,67
22ECE003,Digital Electronics,57,65,65
22ECE003,Computer Networks,62,59,63
22ECE004,Engineering Mathematics,65,67,67
22ECE004,Data Structures,88,87,87
22ECE004,Digital Electronics,74,81,81
22ECE004,Computer Networks,61,59,61
22ECE005,Engineering Mathematics,61,62,69
22ECE005,Data Structures,66,74,76
22ECE005,Digital Electronics,76,74,74
22ECE005,Computer Networks,37,32,35
22ECE006,Engineering Mathematics,79,88,88
22ECE006,Data Structures,75,74,78
22ECE006,Digital Electronics,57,64,64
22ECE006,Computer Networks,79,74,80
22ECE007,Engineering Mathematics,67,63,70
22ECE007,Data Structures,70,62,68
22ECE007,Digital Electronics,73,66,55
22ECE007,Computer Networks,62,63,69
22ECE008,Engineering Mathematics,75,74,49
22ECE008,Data Structures,83,85,85
22ECE008,Digital Electronics,62,57,66
22ECE008,Computer Networks,86,85,86
22ECE009,Engineering Mathematics,83,84,84
22ECE009,Data Structures,70,70,70
22ECE009,Digital Electronics,66,72,72
22ECE009,Computer Networks,87,85,85
22ECE010,Engineering Mathematics,63,71,71
22ECE010,Data Structures,78,78,80
22ECE010,Digital Electronics,70,76,81
22ECE010,Computer Networks,60,55,65
22ECE011,Engineering Mathematics,38,31,37
22ECE011,Data Structures,58,48,30
22ECE011,Digital Electronics,60,65,65
22ECE011,Computer Networks,69,68,74
22ECE012,Engineering Mathematics,76,73,79
22ECE012,Data Structures,67,68,68
22ECE012,Digital Electronics,79,84,86
22ECE012,Computer Networks,87,88,91
22ECE013,Engineering Mathematics,74,78,78
22ECE013,Data Structures,80,89,89
22ECE013,Digital Electronics,84,84,84
22ECE013,Computer Networks,80,88,88
22ECE014,Engineering Mathematics,61,60,62
22ECE014,Data Structures,77,70,78
22ECE014,Digital Electronics,82,77,82
22ECE014,Computer Networks,62,71,71
22ECE015,Engineering Mathematics,81,87,87
22ECE015,Data Structures,83,83,83
22ECE015,Digital Electronics,81,88,88
22ECE015,Computer Networks,82,83,86
