roll_no,name,department,email,phone,adviser_name,adviser_email
22CSE001,Aarav Sharma,CSE,saiakshay924+22cse001@gmail.com,+910000100001,Dr. Meenakshi Sundaram,saiakshay924+cseadviser@gmail.com
22CSE002,Ananya Iyer,CSE,saiakshay924+22cse002@gmail.com,+910000100002,Dr. Meenakshi Sundaram,saiakshay924+cseadviser@gmail.com
22CSE003,Rohan Mehta,CSE,saiakshay924+22cse003@gmail.com,+910000100003,Dr. Meenakshi Sundaram,saiakshay924+cseadviser@gmail.com
22CSE004,Priya Nair,CSE,saiakshay924+22cse004@gmail.com,+910000100004,Dr. Meenakshi Sundaram,saiakshay924+cseadviser@gmail.com
22CSE005,Karthik Reddy,CSE,saiakshay924+22cse005@gmail.com,+910000100005,Dr. Meenakshi Sundaram,saiakshay924+cseadviser@gmail.com
22CSE006,Sneha Kulkarni,CSE,saiakshay924+22cse006@gmail.com,+910000100006,Dr. Meenakshi Sundaram,saiakshay924+cseadviser@gmail.com
22CSE007,Vikram Singh,CSE,saiakshay924+22cse007@gmail.com,+918247786788,Dr. Meenakshi Sundaram,saiakshay924+cseadviser@gmail.com
22CSE008,Diya Menon,CSE,saiakshay924+22cse008@gmail.com,+910000100008,Dr. Meenakshi Sundaram,saiakshay924+cseadviser@gmail.com
22CSE009,Arjun Patel,CSE,saiakshay924+22cse009@gmail.com,+910000100009,Dr. Meenakshi Sundaram,saiakshay924+cseadviser@gmail.com
22CSE010,Kavya Rao,CSE,saiakshay924+22cse010@gmail.com,+910000100010,Dr. Meenakshi Sundaram,saiakshay924+cseadviser@gmail.com
22CSE011,Siddharth Joshi,CSE,saiakshay924+22cse011@gmail.com,+910000100011,Dr. Meenakshi Sundaram,saiakshay924+cseadviser@gmail.com
22CSE012,Meera Pillai,CSE,saiakshay924+22cse012@gmail.com,+910000100012,Dr. Meenakshi Sundaram,saiakshay924+cseadviser@gmail.com
22CSE013,Rahul Verma,CSE,saiakshay924+22cse013@gmail.com,+910000100013,Dr. Meenakshi Sundaram,saiakshay924+cseadviser@gmail.com
22CSE014,Ishita Das,CSE,saiakshay924+22cse014@gmail.com,+910000100014,Dr. Meenakshi Sundaram,saiakshay924+cseadviser@gmail.com
22CSE015,Nikhil Gupta,CSE,saiakshay924+22cse015@gmail.com,+910000100015,Dr. Meenakshi Sundaram,saiakshay924+cseadviser@gmail.com
22ECE001,Aditya Kumar,ECE,saiakshay924+22ece001@gmail.com,+910000200001,Dr. Rajesh Iyengar,saiakshay924+eceadviser@gmail.com
22ECE002,Pooja Hegde,ECE,saiakshay924+22ece002@gmail.com,+910000200002,Dr. Rajesh Iyengar,saiakshay924+eceadviser@gmail.com
22ECE003,Varun Krishnan,ECE,saiakshay924+22ece003@gmail.com,+910000200003,Dr. Rajesh Iyengar,saiakshay924+eceadviser@gmail.com
22ECE004,Neha Agarwal,ECE,saiakshay924+22ece004@gmail.com,+910000200004,Dr. Rajesh Iyengar,saiakshay924+eceadviser@gmail.com
22ECE005,Harsh Vardhan,ECE,saiakshay924+22ece005@gmail.com,+910000200005,Dr. Rajesh Iyengar,saiakshay924+eceadviser@gmail.com
22ECE006,Lakshmi Subramanian,ECE,saiakshay924+22ece006@gmail.com,+910000200006,Dr. Rajesh Iyengar,saiakshay924+eceadviser@gmail.com
22ECE007,Manoj Bhat,ECE,saiakshay924+22ece007@gmail.com,+910000200007,Dr. Rajesh Iyengar,saiakshay924+eceadviser@gmail.com
22ECE008,Riya Chatterjee,ECE,saiakshay924+22ece008@gmail.com,+910000200008,Dr. Rajesh Iyengar,saiakshay924+eceadviser@gmail.com
22ECE009,Sanjay Prakash,ECE,saiakshay924+22ece009@gmail.com,+910000200009,Dr. Rajesh Iyengar,saiakshay924+eceadviser@gmail.com
22ECE010,Tanvi Deshpande,ECE,saiakshay924+22ece010@gmail.com,+910000200010,Dr. Rajesh Iyengar,saiakshay924+eceadviser@gmail.com
22ECE011,Yash Malhotra,ECE,saiakshay924+22ece011@gmail.com,+919100768316,Dr. Rajesh Iyengar,saiakshay924+eceadviser@gmail.com
22ECE012,Divya Shetty,ECE,saiakshay924+22ece012@gmail.com,+910000200012,Dr. Rajesh Iyengar,saiakshay924+eceadviser@gmail.com
22ECE013,Abhishek Mishra,ECE,saiakshay924+22ece013@gmail.com,+910000200013,Dr. Rajesh Iyengar,saiakshay924+eceadviser@gmail.com
22ECE014,Swathi Raman,ECE,saiakshay924+22ece014@gmail.com,+910000200014,Dr. Rajesh Iyengar,saiakshay924+eceadviser@gmail.com
22ECE015,Kiran Naidu,ECE,saiakshay924+22ece015@gmail.com,+910000200015,Dr. Rajesh Iyengar,saiakshay924+eceadviser@gmail.com
