teacher_name,day,slot,status
Prof. Anitha Ramesh,Monday,09:00-10:00,busy
Prof. Anitha Ramesh,Monday,10:00-11:00,busy
Prof. Anitha Ramesh,Monday,11:15-12:15,busy
Prof. Anitha Ramesh,Monday,12:15-13:15,free
Prof. Anitha Ramesh,Monday,14:00-15:00,free
Prof. Anitha Ramesh,Monday,15:00-16:00,busy
Prof. Anitha Ramesh,Tuesday,09:00-10:00,busy
Prof. Anitha Ramesh,Tuesday,10:00-11:00,free
Prof. Anitha Ramesh,Tuesday,11:15-12:15,busy
Prof. Anitha Ramesh,Tuesday,12:15-13:15,free
Prof. Anitha Ramesh,Tuesday,14:00-15:00,free
Prof. Anitha Ramesh,Tuesday,15:00-16:00,busy
Prof. Anitha Ramesh,Wednesday,09:00-10:00,busy
Prof. Anitha Ramesh,Wednesday,10:00-11:00,free
Prof. Anitha Ramesh,Wednesday,11:15-12:15,free
Prof. Anitha Ramesh,Wednesday,12:15-13:15,free
Prof. Anitha Ramesh,Wednesday,14:00-15:00,busy
Prof. Anitha Ramesh,Wednesday,15:00-16:00,busy
Prof. Anitha Ramesh,Thursday,09:00-10:00,busy
Prof. Anitha Ramesh,Thursday,10:00-11:00,busy
Prof. Anitha Ramesh,Thursday,11:15-12:15,busy
Prof. Anitha Ramesh,Thursday,12:15-13:15,free
Prof. Anitha Ramesh,Thursday,14:00-15:00,free
Prof. Anitha Ramesh,Thursday,15:00-16:00,busy
Prof. Anitha Ramesh,Friday,09:00-10:00,busy
Prof. Anitha Ramesh,Friday,10:00-11:00,busy
Prof. Anitha Ramesh,Friday,11:15-12:15,free
Prof. Anitha Ramesh,Friday,12:15-13:15,free
Prof. Anitha Ramesh,Friday,14:00-15:00,busy
Prof. Anitha Ramesh,Friday,15:00-16:00,busy
Prof. Suresh Babu,Monday,09:00-10:00,busy
Prof. Suresh Babu,Monday,10:00-11:00,busy
Prof. Suresh Babu,Monday,11:15-12:15,busy
Prof. Suresh Babu,Monday,12:15-13:15,busy
Prof. Suresh Babu,Monday,14:00-15:00,busy
Prof. Suresh Babu,Monday,15:00-16:00,free
Prof. Suresh Babu,Tuesday,09:00-10:00,busy
Prof. Suresh Babu,Tuesday,10:00-11:00,free
Prof. Suresh Babu,Tuesday,11:15-12:15,free
Prof. Suresh Babu,Tuesday,12:15-13:15,busy
Prof. Suresh Babu,Tuesday,14:00-15:00,busy
Prof. Suresh Babu,Tuesday,15:00-16:00,busy
Prof. Suresh Babu,Wednesday,09:00-10:00,busy
Prof. Suresh Babu,Wednesday,10:00-11:00,busy
Prof. Suresh Babu,Wednesday,11:15-12:15,free
Prof. Suresh Babu,Wednesday,12:15-13:15,busy
Prof. Suresh Babu,Wednesday,14:00-15:00,free
Prof. Suresh Babu,Wednesday,15:00-16:00,busy
Prof. Suresh Babu,Thursday,09:00-10:00,busy
Prof. Suresh Babu,Thursday,10:00-11:00,free
Prof. Suresh Babu,Thursday,11:15-12:15,busy
Prof. Suresh Babu,Thursday,12:15-13:15,busy
Prof. Suresh Babu,Thursday,14:00-15:00,busy
Prof. Suresh Babu,Thursday,15:00-16:00,busy
Prof. Suresh Babu,Friday,09:00-10:00,busy
Prof. Suresh Babu,Friday,10:00-11:00,free
Prof. Suresh Babu,Friday,11:15-12:15,busy
Prof. Suresh Babu,Friday,12:15-13:15,free
Prof. Suresh Babu,Friday,14:00-15:00,busy
Prof. Suresh Babu,Friday,15:00-16:00,busy
Prof. Farhan Qureshi,Monday,09:00-10:00,busy
Prof. Farhan Qureshi,Monday,10:00-11:00,free
Prof. Farhan Qureshi,Monday,11:15-12:15,busy
Prof. Farhan Qureshi,Monday,12:15-13:15,busy
Prof. Farhan Qureshi,Monday,14:00-15:00,busy
Prof. Farhan Qureshi,Monday,15:00-16:00,free
Prof. Farhan Qureshi,Tuesday,09:00-10:00,busy
Prof. Farhan Qureshi,Tuesday,10:00-11:00,busy
Prof. Farhan Qureshi,Tuesday,11:15-12:15,busy
Prof. Farhan Qureshi,Tuesday,12:15-13:15,free
Prof. Farhan Qureshi,Tuesday,14:00-15:00,busy
Prof. Farhan Qureshi,Tuesday,15:00-16:00,busy
Prof. Farhan Qureshi,Wednesday,09:00-10:00,busy
Prof. Farhan Qureshi,Wednesday,10:00-11:00,busy
Prof. Farhan Qureshi,Wednesday,11:15-12:15,free
Prof. Farhan Qureshi,Wednesday,12:15-13:15,free
Prof. Farhan Qureshi,Wednesday,14:00-15:00,free
Prof. Farhan Qureshi,Wednesday,15:00-16:00,busy
Prof. Farhan Qureshi,Thursday,09:00-10:00,free
Prof. Farhan Qureshi,Thursday,10:00-11:00,free
Prof. Farhan Qureshi,Thursday,11:15-12:15,busy
Prof. Farhan Qureshi,Thursday,12:15-13:15,free
Prof. Farhan Qureshi,Thursday,14:00-15:00,busy
Prof. Farhan Qureshi,Thursday,15:00-16:00,busy
Prof. Farhan Qureshi,Friday,09:00-10:00,free
Prof. Farhan Qureshi,Friday,10:00-11:00,busy
Prof. Farhan Qureshi,Friday,11:15-12:15,busy
Prof. Farhan Qureshi,Friday,12:15-13:15,free
Prof. Farhan Qureshi,Friday,14:00-15:00,free
Prof. Farhan Qureshi,Friday,15:00-16:00,busy
Prof. Lavanya Krishnan,Monday,09:00-10:00,free
Prof. Lavanya Krishnan,Monday,10:00-11:00,busy
Prof. Lavanya Krishnan,Monday,11:15-12:15,free
Prof. Lavanya Krishnan,Monday,12:15-13:15,busy
Prof. Lavanya Krishnan,Monday,14:00-15:00,free
Prof. Lavanya Krishnan,Monday,15:00-16:00,busy
Prof. Lavanya Krishnan,Tuesday,09:00-10:00,busy
Prof. Lavanya Krishnan,Tuesday,10:00-11:00,free
Prof. Lavanya Krishnan,Tuesday,11:15-12:15,busy
Prof. Lavanya Krishnan,Tuesday,12:15-13:15,free
Prof. Lavanya Krishnan,Tuesday,14:00-15:00,free
Prof. Lavanya Krishnan,Tuesday,15:00-16:00,busy
Prof. Lavanya Krishnan,Wednesday,09:00-10:00,busy
Prof. Lavanya Krishnan,Wednesday,10:00-11:00,free
Prof. Lavanya Krishnan,Wednesday,11:15-12:15,free
Prof. Lavanya Krishnan,Wednesday,12:15-13:15,free
Prof. Lavanya Krishnan,Wednesday,14:00-15:00,busy
Prof. Lavanya Krishnan,Wednesday,15:00-16:00,busy
Prof. Lavanya Krishnan,Thursday,09:00-10:00,free
Prof. Lavanya Krishnan,Thursday,10:00-11:00,busy
Prof. Lavanya Krishnan,Thursday,11:15-12:15,free
Prof. Lavanya Krishnan,Thursday,12:15-13:15,free
Prof. Lavanya Krishnan,Thursday,14:00-15:00,busy
Prof. Lavanya Krishnan,Thursday,15:00-16:00,busy
Prof. Lavanya Krishnan,Friday,09:00-10:00,busy
Prof. Lavanya Krishnan,Friday,10:00-11:00,free
Prof. Lavanya Krishnan,Friday,11:15-12:15,busy
Prof. Lavanya Krishnan,Friday,12:15-13:15,free
Prof. Lavanya Krishnan,Friday,14:00-15:00,busy
Prof. Lavanya Krishnan,Friday,15:00-16:00,free
